{
  "IcoMoonType": "selection",
  "icons": [
    {
      "icon": {
        "paths": [
          "M804.571 566.857v274.286c0 20-16.571 36.571-36.571 36.571h-219.429v-219.429h-146.286v219.429h-219.429c-20 0-36.571-16.571-36.571-36.571v-274.286c0-1.143 0.571-2.286 0.571-3.429l328.571-270.857 328.571 270.857c0.571 1.143 0.571 2.286 0.571 3.429zM932 527.429l-35.429 42.286c-2.857 3.429-7.429 5.714-12 6.286h-1.714c-4.571 0-8.571-1.143-12-4l-395.429-329.714-395.429 329.714c-4 2.857-8.571 4.571-13.714 4-4.571-0.571-9.143-2.857-12-6.286l-35.429-42.286c-6.286-7.429-5.143-19.429 2.286-25.714l410.857-342.286c24-20 62.857-20 86.857 0l139.429 116.571v-111.429c0-10.286 8-18.286 18.286-18.286h109.714c10.286 0 18.286 8 18.286 18.286v233.143l125.143 104c7.429 6.286 8.571 18.286 2.286 25.714z"
        ],
        "width": 950.8571428571428,
        "attrs": [],
        "isMulticolor": false,
        "isMulticolor2": false,
        "tags": [
          "home"
        ],
        "defaultCode": 61461,
        "grid": 14
      },
      "attrs": [],
      "properties": {
        "name": "home",
        "id": 24,
        "order": 25,
        "prevSize": 28
      },
      "setIdx": 0,
      "setId": 2,
      "iconIdx": 24
    },
    {
      "icon": {
        "paths": [
          "M731.429 681.714c0-2.857 0-6.286-1.143-9.143-3.429-10.286-86.857-52.571-102.857-61.714-10.857-6.286-24-18.857-37.143-18.857-25.143 0-62.286 74.857-84.571 74.857-11.429 0-25.714-10.286-36-16-75.429-42.286-127.429-94.286-169.714-169.714-5.714-10.286-16-24.571-16-36 0-22.286 74.857-59.429 74.857-84.571 0-13.143-12.571-26.286-18.857-37.143-9.143-16-51.429-99.429-61.714-102.857-2.857-1.143-6.286-1.143-9.143-1.143-14.857 0-44 6.857-57.714 12.571-37.714 17.143-65.143 89.143-65.143 128.571 0 38.286 15.429 73.143 28.571 108.571 45.714 125.143 181.714 261.143 306.857 306.857 35.429 13.143 70.286 28.571 108.571 28.571 39.429 0 111.429-27.429 128.571-65.143 5.714-13.714 12.571-42.857 12.571-57.714zM877.714 237.714v548.571c0 90.857-73.714 164.571-164.571 164.571h-548.571c-90.857 0-164.571-73.714-164.571-164.571v-548.571c0-90.857 73.714-164.571 164.571-164.571h548.571c90.857 0 164.571 73.714 164.571 164.571z"
        ],
        "width": 877.7142857142857,
        "attrs": [],
        "isMulticolor": false,
        "isMulticolor2": false,
        "tags": [
          "phone-square"
        ],
        "defaultCode": 61592,
        "grid": 14
      },
      "attrs": [],
      "properties": {
        "name": "phone-square",
        "id": 144,
        "order": 26,
        "prevSize": 28
      },
      "setIdx": 0,
      "setId": 2,
      "iconIdx": 144
    },
    {
      "icon": {
        "paths": [
          "M1024 405.714v453.714c0 50.286-41.143 91.429-91.429 91.429h-841.143c-50.286 0-91.429-41.143-91.429-91.429v-453.714c17.143 18.857 36.571 35.429 57.714 49.714 94.857 64.571 190.857 129.143 284 197.143 48 35.429 107.429 78.857 169.714 78.857h1.143c62.286 0 121.714-43.429 169.714-78.857 93.143-67.429 189.143-132.571 284.571-197.143 20.571-14.286 40-30.857 57.143-49.714zM1024 237.714c0 64-47.429 121.714-97.714 156.571-89.143 61.714-178.857 123.429-267.429 185.714-37.143 25.714-100 78.286-146.286 78.286h-1.143c-46.286 0-109.143-52.571-146.286-78.286-88.571-62.286-178.286-124-266.857-185.714-40.571-27.429-98.286-92-98.286-144 0-56 30.286-104 91.429-104h841.143c49.714 0 91.429 41.143 91.429 91.429z"
        ],
        "width": 1024,
        "attrs": [],
        "isMulticolor": false,
        "isMulticolor2": false,
        "tags": [
          "envelope"
        ],
        "defaultCode": 61664,
        "grid": 14
      },
      "attrs": [],
      "properties": {
        "name": "envelope",
        "id": 199,
        "order": 24,
        "prevSize": 28
      },
      "setIdx": 0,
      "setId": 2,
      "iconIdx": 199
    }
  ],
  "height": 1024,
  "preferences": {
    "showGlyphs": true,
    "showQuickUse": true,
    "showQuickUse2": true,
    "showSVGs": true,
    "fontPref": {
      "prefix": "icon-",
      "metadata": {
        "fontFamily": "icomoon"
      },
      "metrics": {
        "emSize": 1024,
        "baseline": 6.25,
        "whitespace": 50
      },
      "embed": false
    },
    "imagePref": {
      "prefix": "icon-",
      "png": true,
      "useClassSelector": true,
      "color": 0,
      "bgColor": 16777215,
      "classSelector": ".icon",
      "name": "icomoon"
    },
    "historySize": 50,
    "showCodes": true,
    "gridSize": 16
  }
}